<?xml version="1.0" encoding="utf-8"?>
<annotations>
  <version>1.1</version>
  <meta>
    <task>
      <id>54</id>
      <name>6 WybraneStronyKa_462_610_d_1</name>
      <size>20</size>
      <mode>annotation</mode>
      <overlap>0</overlap>
      <bugtracker></bugtracker>
      <created>2020-10-31 10:13:34.934713+00:00</created>
      <updated>2020-10-31 11:14:57.074349+00:00</updated>
      <start_frame>0</start_frame>
      <stop_frame>19</stop_frame>
      <frame_filter></frame_filter>
      <z_order>False</z_order>
      <labels>
        <label>
          <name>word</name>
          <color>#3df53d</color>
          <attributes>
            <attribute>
              <name>person</name>
              <mutable>True</mutable>
              <input_type>text</input_type>
              <default_value></default_value>
              <values></values>
            </attribute>
            <attribute>
              <name>not_visible</name>
              <mutable>True</mutable>
              <input_type>checkbox</input_type>
              <default_value>false</default_value>
              <values>false</values>
            </attribute>
            <attribute>
              <name>word</name>
              <mutable>True</mutable>
              <input_type>text</input_type>
              <default_value></default_value>
              <values></values>
            </attribute>
          </attributes>
        </label>
      </labels>
      <segments>
        <segment>
          <id>37</id>
          <start>0</start>
          <stop>19</stop>
          <url>http3.250.24.140:8080/?id=37</url>
        </segment>
      </segments>
      <owner>
        <username>bundash</username>
        <email></email>
      </owner>
      <assignee></assignee>
    </task>
    <dumped>2020-10-31 13:18:54.566810+00:00</dumped>
  </meta>
  <image id="0" name="WybraneStronyKa_462_610_d_Page_01.png" width="595" height="841">
  </image>
  <image id="1" name="WybraneStronyKa_462_610_d_Page_02.png" width="610" height="895">
  </image>
  <image id="2" name="WybraneStronyKa_462_610_d_Page_03.png" width="1165" height="1664">
    <box label="word" occluded="0" source="manual" xtl="212.54" ytl="1450.50" xbr="433.37" ybr="1527.18">
      <attribute name="word">32 502/I</attribute>
      <attribute name="not_visible">false</attribute>
      <attribute name="person"></attribute>
    </box>
  </image>
  <image id="3" name="WybraneStronyKa_462_610_d_Page_04.png" width="582" height="858">
    <box label="word" occluded="0" source="manual" xtl="96.35" ytl="731.51" xbr="192.50" ybr="796.40">
      <attribute name="word">136</attribute>
      <attribute name="not_visible">false</attribute>
      <attribute name="person"></attribute>
    </box>
  </image>
  <image id="4" name="WybraneStronyKa_462_610_d_Page_05.png" width="583" height="863">
    <box label="word" occluded="0" source="manual" xtl="281.26" ytl="371.72" xbr="528.40" ybr="444.00">
      <attribute name="person"></attribute>
      <attribute name="word">syjonistyczna</attribute>
      <attribute name="not_visible">false</attribute>
    </box>
  </image>
  <image id="5" name="WybraneStronyKa_462_610_d_Page_06.png" width="1064" height="1658">
    <box label="word" occluded="0" source="manual" xtl="276.86" ytl="641.96" xbr="467.30" ybr="684.52">
      <attribute name="word">BOŻEŃSKI</attribute>
      <attribute name="person"></attribute>
      <attribute name="not_visible">false</attribute>
    </box>
    <box label="word" occluded="0" source="manual" xtl="669.65" ytl="1320.10" xbr="828.00" ybr="1371.57">
      <attribute name="person"></attribute>
      <attribute name="not_visible">false</attribute>
      <attribute name="word">rencista</attribute>
    </box>
  </image>
  <image id="6" name="WybraneStronyKa_462_610_d_Page_07.png" width="1055" height="1636">
    <box label="word" occluded="0" source="manual" xtl="292.61" ytl="1235.40" xbr="346.28" ybr="1275.05">
      <attribute name="person"></attribute>
      <attribute name="not_visible">false</attribute>
      <attribute name="word">111</attribute>
    </box>
  </image>
  <image id="7" name="WybraneStronyKa_462_610_d_Page_08.png" width="1075" height="1639">
    <box label="word" occluded="0" source="manual" xtl="64.42" ytl="1011.60" xbr="164.90" ybr="1047.60">
      <attribute name="not_visible">false</attribute>
      <attribute name="person"></attribute>
      <attribute name="word">matka</attribute>
    </box>
    <box label="word" occluded="0" source="manual" xtl="532.41" ytl="1193.83" xbr="586.46" ybr="1243.49">
      <attribute name="person"></attribute>
      <attribute name="not_visible">false</attribute>
      <attribute name="word">od</attribute>
    </box>
  </image>
  <image id="8" name="WybraneStronyKa_462_610_d_Page_09.png" width="1050" height="1672">
  </image>
  <image id="9" name="WybraneStronyKa_462_610_d_Page_10.png" width="1044" height="1643">
    <box label="word" occluded="0" source="manual" xtl="539.01" ytl="1198.70" xbr="578.20" ybr="1236.61">
      <attribute name="person"></attribute>
      <attribute name="word">w</attribute>
      <attribute name="not_visible">false</attribute>
    </box>
  </image>
  <image id="10" name="WybraneStronyKa_462_610_d_Page_11.png" width="1063" height="1670">
  </image>
  <image id="11" name="WybraneStronyKa_462_610_d_Page_12.png" width="1055" height="1704">
    <box label="word" occluded="0" source="manual" xtl="307.24" ytl="1515.17" xbr="486.79" ybr="1627.61">
      <attribute name="word">Raport</attribute>
      <attribute name="person"></attribute>
      <attribute name="not_visible">false</attribute>
    </box>
  </image>
  <image id="12" name="WybraneStronyKa_462_610_d_Page_13.png" width="1090" height="1716">
  </image>
  <image id="13" name="WybraneStronyKa_462_610_d_Page_14.png" width="1174" height="1716">
  </image>
  <image id="14" name="WybraneStronyKa_462_610_d_Page_15.png" width="1176" height="1706">
  </image>
  <image id="15" name="WybraneStronyKa_462_610_d_Page_16.png" width="1164" height="1691">
    <box label="word" occluded="0" source="manual" xtl="647.53" ytl="15.35" xbr="711.57" ybr="89.36">
      <attribute name="word">12</attribute>
      <attribute name="person"></attribute>
      <attribute name="not_visible">false</attribute>
    </box>
  </image>
  <image id="16" name="WybraneStronyKa_462_610_d_Page_17.png" width="1165" height="1700">
    <box label="word" occluded="0" source="manual" xtl="624.66" ytl="8.84" xbr="704.33" ybr="84.39">
      <attribute name="person"></attribute>
      <attribute name="not_visible">false</attribute>
      <attribute name="word">13</attribute>
    </box>
  </image>
  <image id="17" name="WybraneStronyKa_462_610_d_Page_18.png" width="1173" height="1668">
    <box label="word" occluded="0" source="manual" xtl="611.79" ytl="28.30" xbr="675.80" ybr="104.11">
      <attribute name="word">14</attribute>
      <attribute name="not_visible">false</attribute>
      <attribute name="person"></attribute>
    </box>
  </image>
  <image id="18" name="WybraneStronyKa_462_610_d_Page_19.png" width="1182" height="1670">
    <box label="word" occluded="0" source="manual" xtl="690.39" ytl="15.08" xbr="782.15" ybr="91.31">
      <attribute name="word">15</attribute>
      <attribute name="not_visible">false</attribute>
      <attribute name="person"></attribute>
    </box>
  </image>
  <image id="19" name="WybraneStronyKa_462_610_d_Page_20.png" width="1180" height="1715">
    <box label="word" occluded="0" source="manual" xtl="654.92" ytl="42.25" xbr="720.35" ybr="115.38">
      <attribute name="person"></attribute>
      <attribute name="word">16</attribute>
      <attribute name="not_visible">false</attribute>
    </box>
  </image>
</annotations>