<?xml version="1.0" encoding="utf-8"?>
<annotations>
  <version>1.1</version>
  <meta>
    <task>
      <id>47</id>
      <name>1</name>
      <size>53</size>
      <mode>annotation</mode>
      <overlap>0</overlap>
      <bugtracker></bugtracker>
      <created>2020-10-12 17:32:06.553520+00:00</created>
      <updated>2020-10-12 17:34:31.841851+00:00</updated>
      <start_frame>0</start_frame>
      <stop_frame>52</stop_frame>
      <frame_filter></frame_filter>
      <z_order>False</z_order>
      <labels>
        <label>
          <name>word</name>
          <color>#3df53d</color>
          <attributes>
            <attribute>
              <name>word</name>
              <mutable>True</mutable>
              <input_type>text</input_type>
              <default_value></default_value>
              <values></values>
            </attribute>
            <attribute>
              <name>not_visible</name>
              <mutable>True</mutable>
              <input_type>checkbox</input_type>
              <default_value>false</default_value>
              <values>false</values>
            </attribute>
            <attribute>
              <name>person</name>
              <mutable>True</mutable>
              <input_type>text</input_type>
              <default_value></default_value>
              <values></values>
            </attribute>
          </attributes>
        </label>
      </labels>
      <segments>
        <segment>
          <id>30</id>
          <start>0</start>
          <stop>52</stop>
          <url>http3.250.24.140:8080/?id=30</url>
        </segment>
      </segments>
      <owner>
        <username>bundash</username>
        <email></email>
      </owner>
      <assignee></assignee>
    </task>
    <dumped>2020-10-12 17:34:39.659344+00:00</dumped>
  </meta>
  <image id="52" name="Ka_00_144_1062_j_Page_53.png" width="595" height="841">
  </image>
  <image id="51" name="Ka_00_144_1062_j_Page_52.png" width="1160" height="1669">
  </image>
  <image id="50" name="Ka_00_144_1062_j_Page_51.png" width="1172" height="465">
  </image>
  <image id="49" name="Ka_00_144_1062_j_Page_50.png" width="1048" height="1593">
  </image>
  <image id="48" name="Ka_00_144_1062_j_Page_49.png" width="1036" height="1643">
  </image>
  <image id="47" name="Ka_00_144_1062_j_Page_48.png" width="747" height="586">
  </image>
  <image id="46" name="Ka_00_144_1062_j_Page_47.png" width="752" height="544">
  </image>
  <image id="45" name="Ka_00_144_1062_j_Page_46.png" width="1044" height="1672">
  </image>
  <image id="44" name="Ka_00_144_1062_j_Page_45.png" width="1081" height="1701">
  </image>
  <image id="43" name="Ka_00_144_1062_j_Page_44.png" width="1086" height="1708">
  </image>
  <image id="42" name="Ka_00_144_1062_j_Page_43.png" width="1142" height="725">
  </image>
  <image id="41" name="Ka_00_144_1062_j_Page_42.png" width="1181" height="919">
  </image>
  <image id="40" name="Ka_00_144_1062_j_Page_41.png" width="1064" height="1675">
  </image>
  <image id="39" name="Ka_00_144_1062_j_Page_40.png" width="1074" height="857">
  </image>
  <image id="38" name="Ka_00_144_1062_j_Page_39.png" width="1038" height="1704">
  </image>
  <image id="37" name="Ka_00_144_1062_j_Page_38.png" width="1048" height="1694">
  </image>
  <image id="36" name="Ka_00_144_1062_j_Page_37.png" width="1094" height="1592">
  </image>
  <image id="35" name="Ka_00_144_1062_j_Page_36.png" width="1113" height="1609">
  </image>
  <image id="34" name="Ka_00_144_1062_j_Page_35.png" width="1133" height="1681">
  </image>
  <image id="33" name="Ka_00_144_1062_j_Page_34.png" width="1132" height="1698">
  </image>
  <image id="32" name="Ka_00_144_1062_j_Page_33.png" width="1089" height="1701">
  </image>
  <image id="31" name="Ka_00_144_1062_j_Page_32.png" width="1104" height="1703">
  </image>
  <image id="30" name="Ka_00_144_1062_j_Page_31.png" width="1106" height="1697">
  </image>
  <image id="29" name="Ka_00_144_1062_j_Page_30.png" width="1119" height="1688">
  </image>
  <image id="28" name="Ka_00_144_1062_j_Page_29.png" width="1114" height="1714">
  </image>
  <image id="27" name="Ka_00_144_1062_j_Page_28.png" width="1123" height="1700">
  </image>
  <image id="26" name="Ka_00_144_1062_j_Page_27.png" width="1041" height="1711">
  </image>
  <image id="25" name="Ka_00_144_1062_j_Page_26.png" width="1076" height="1705">
  </image>
  <image id="24" name="Ka_00_144_1062_j_Page_25.png" width="1095" height="1704">
  </image>
  <image id="23" name="Ka_00_144_1062_j_Page_24.png" width="1096" height="1708">
  </image>
  <image id="22" name="Ka_00_144_1062_j_Page_23.png" width="1092" height="1707">
  </image>
  <image id="21" name="Ka_00_144_1062_j_Page_22.png" width="1102" height="1679">
  </image>
  <image id="20" name="Ka_00_144_1062_j_Page_21.png" width="1065" height="1614">
  </image>
  <image id="19" name="Ka_00_144_1062_j_Page_20.png" width="1081" height="1616">
  </image>
  <image id="18" name="Ka_00_144_1062_j_Page_19.png" width="1056" height="1676">
  </image>
  <image id="17" name="Ka_00_144_1062_j_Page_18.png" width="1082" height="1659">
  </image>
  <image id="16" name="Ka_00_144_1062_j_Page_17.png" width="1086" height="1666">
  </image>
  <image id="15" name="Ka_00_144_1062_j_Page_16.png" width="1129" height="866">
  </image>
  <image id="14" name="Ka_00_144_1062_j_Page_15.png" width="1156" height="1693">
  </image>
  <image id="13" name="Ka_00_144_1062_j_Page_14.png" width="1150" height="1695">
  </image>
  <image id="12" name="Ka_00_144_1062_j_Page_13.png" width="1158" height="1697">
  </image>
  <image id="11" name="Ka_00_144_1062_j_Page_12.png" width="1161" height="1688">
  </image>
  <image id="10" name="Ka_00_144_1062_j_Page_11.png" width="1179" height="1697">
  </image>
  <image id="9" name="Ka_00_144_1062_j_Page_10.png" width="1176" height="1706">
  </image>
  <image id="8" name="Ka_00_144_1062_j_Page_09.png" width="1156" height="1685">
  </image>
  <image id="7" name="Ka_00_144_1062_j_Page_08.png" width="1157" height="1657">
  </image>
  <image id="6" name="Ka_00_144_1062_j_Page_07.png" width="1160" height="1682">
  </image>
  <image id="5" name="Ka_00_144_1062_j_Page_06.png" width="1185" height="1650">
  </image>
  <image id="4" name="Ka_00_144_1062_j_Page_05.png" width="1072" height="1635">
  </image>
  <image id="3" name="Ka_00_144_1062_j_Page_04.png" width="1060" height="1637">
  </image>
  <image id="2" name="Ka_00_144_1062_j_Page_03.png" width="1146" height="1679">
    <box label="word" occluded="0" source="manual" xtl="338.44" ytl="294.20" xbr="735.56" ybr="372.39">
      <attribute name="person"></attribute>
      <attribute name="not_visible">false</attribute>
      <attribute name="word">surówka</attribute>
    </box>
  </image>
  <image id="1" name="Ka_00_144_1062_j_Page_02.png" width="635" height="902">
  </image>
  <image id="0" name="Ka_00_144_1062_j_Page_01.png" width="595" height="841">
  </image>
</annotations>